"Stn_Name","Lat","Long","Prov","Tm","DwTm","D","Tx","DwTx","Tn","DwTn","S","DwS","S%N","P","DwP","P%N","S_G","Pd","BS","DwBS","BS%","HDD","CDD","Clim_ID"
"ATTAWAPISKAT A","52.928","-82.432","ON","15.7","0",NA,"28.8","0","2.7","0","",,NA,"25.9","0",NA,"","7","",,NA,"84.1","13.6","6010400"
"BIG TROUT LAKE A","53.818","-89.897","ON","15.2","0",NA,"26.6","0","2.7","0","",,NA,"122.4","2",NA,"","14","",,NA,"97.1","9.7","6010735"
"BIG TROUT LAKE","53.816","-89.892","ON","15.1","0",NA,"27.1","0","2.2","0","",,NA,"151.6","0",NA,"","16","",,NA,"98.2","9.8","6010740"
"EAR FALLS (AUT)","50.631","-93.221","ON","17.2","3",NA,"31.4","3","4.7","3","",,NA,"64.9","3",NA,"","11","",,NA,"50.0","27.9","6012199"
"FORT SEVERN A","56.019","-87.676","ON","12.7","22",NA,"25.8","22","3.0","22","",,NA,"7.5","22",NA,"","3","",,NA,"47.4","0.0","6012501"
"LANSDOWNE HOUSE A","52.196","-87.934","ON","15.6","0",NA,"29.2","0","1.7","0","",,NA,"66.5","0",NA,"","12","",,NA,"85.6","10.3","6014351"
"LANSDOWNE HOUSE (AUT)","52.196","-87.936","ON","15.4","0",NA,"28.8","0","1.4","0","",,NA,"55.7","0",NA,"","10","",,NA,"88.7","9.1","6014353"
"MUSKRAT DAM","53.441","-91.763","ON","15.5","0",NA,"28.6","0","2.8","0","",,NA,"86.5","2",NA,"","10","",,NA,"91.5","14.6","6015026"
"PEAWANUCK (AUT)","54.983","-85.433","ON","13.8","0",NA,"26.6","0","2.9","0","",,NA,"85.7","0",NA,"","15","",,NA,"139.1","8.7","6016295"
"PEAWANUCK A","54.988","-85.443","ON","13.9","0",NA,"26.7","0","2.8","0","",,NA,"",,NA,"","","",,NA,"137.4","9.1","6016298"
"PICKLE LAKE (AUT)","51.449","-90.218","ON","16.5","0",NA,"29.5","0","3.4","0","",,NA,"64.5","0",NA,"","12","",,NA,"69.5","22.8","6016525"
"PICKLE LAKE A","51.446","-90.214","ON","16.5","0",NA,"29.3","0","3.0","0","",,NA,"0.0","24",NA,"","0","",,NA,"69.0","23.4","6016528"
"RED LAKE A","51.067","-93.793","ON","16.8","0",NA,"31.6","0","1.9","0","",,NA,"",,NA,"","","",,NA,"62.5","26.7","6016971"
"SANDY LAKE A","53.064","-93.344","ON","15.9","0",NA,"27.7","0","3.9","0","",,NA,"109.6","0",NA,"","14","",,NA,"85.3","20.1","6017401"
"BARWICK","48.633","-93.967","ON","17.9","0","0.0","31.5","0","5.0","0","0.0","0",NA,"122.2","0","155.0","0.0","8","","",NA,"36.2","33.9","6020559"
"ATIKOKAN (AUT)","48.761","-91.628","ON","16.5","0",NA,"29.8","0","4.4","0","",,NA,"138.9","0",NA,"","13","",,NA,"66.7","18.9","6020LPQ"
"FORT FRANCES RCS","48.651","-93.439","ON","16.7","0",NA,"30.1","0","4.2","0","",,NA,"154.3","0",NA,"","10","",,NA,"62.6","22.7","6022474"
"MINE CENTRE SOUTHWEST","48.760","-92.623","ON","18.0","0",NA,"31.0","0","5.0","0","0.0","0",NA,"140.8","0",NA,"0.0","9","","",NA,"38.7","38.0","6025205"
"DRYDEN REGIONAL","49.828","-92.744","ON","17.4","0",NA,"29.7","0","6.5","0","",,NA,"74.2","1",NA,"","10","",,NA,"54.3","34.5","6032125"
"KENORA RCS","49.791","-94.378","ON","18.2","0",NA,"30.6","0","8.0","0","",,NA,"110.7","0",NA,"","7","",,NA,"36.9","43.2","6034073"
"KENORA A","49.788","-94.363","ON","17.8","3",NA,"30.0","3","7.9","3","0.0","11",NA,"119.4","0",NA,"","7","",,NA,"36.0","31.3","6034076"
"RAWSON LAKE","49.650","-93.717","ON","17.2","19","-1.1","23.5","19","11.0","18","0.0","19",NA,"0.6","19",NA,"","0","","",NA,"19.1","9.7","6036904"
"RAWSON LAKE (AUT)","49.664","-93.733","ON","17.7","0",NA,"30.4","0","8.0","0","",,NA,"2.6","6",NA,"","1","",,NA,"45.7","34.9","6036907"
"SIOUX LOOKOUT A","50.114","-91.908","ON","16.3","2",NA,"28.9","2","3.2","2","0.0","18",NA,"112.8","0",NA,"","13","",,NA,"67.3","18.0","6037776"
"SIOUX LOOKOUT AIRPORT","50.114","-91.906","ON","16.7","1",NA,"29.5","1","4.2","1","",,NA,"95.9","1",NA,"","12","",,NA,"63.6","25.0","6037800"
"ARMSTRONG (AUT)","50.294","-88.905","ON","14.7","1",NA,"28.3","1","-0.8","1","",,NA,"37.5","1",NA,"","5","",,NA,"103.4","5.2","6040325"
"ARMSTRONG A","50.290","-88.910","ON","15.2","0",NA,"28.4","0","-0.2","0","",,NA,"41.7","1",NA,"","6","",,NA,"92.1","6.4","6040327"
"CAMERON FALLS (AUT)","49.154","-88.345","ON","16.7","0",NA,"28.1","0","5.3","0","",,NA,"51.9","0",NA,"","10","",,NA,"54.8","13.0","6041110"
"CARIBOU ISLAND (AUT)","47.333","-85.833","ON","15.6","16",NA,"22.4","15","10.0","16","",,NA,"34.4","21",NA,"","1","",,NA,"36.4","0.0","6041222"
"GERALDTON A","49.779","-86.939","ON","15.2","0",NA,"27.7","0","0.4","0","0.0","0",NA,"56.8","0",NA,"","12","",,NA,"93.2","7.2","6042717"
"GERALDTON A","49.779","-86.989","ON","15.1","1",NA,"27.7","1","0.4","1","",,NA,"",,NA,"","","",,NA,"93.2","6.5","6042718"
"GERALDTON AIRPORT","49.781","-86.932","ON","15.5","3",NA,"27.8","3","0.6","3","",,NA,"22.7","3",NA,"","6","",,NA,"78.7","7.5","6042719"
"HAZELWOOD","48.467","-89.267","ON","",,NA,"",,"",,"0.0","3",NA,"83.0","3",NA,"0.0","10","","",NA,"","","6043390"
"MARATHON A","48.757","-86.346","ON","13.6","2",NA,"25.0","2","2.8","2","",,NA,"",,NA,"","","",,NA,"127.1","0.4","6044967"
"PUKASKWA (AUT)","48.608","-86.287","ON","14.7","1",NA,"26.4","1","4.4","1","",,NA,"115.8","1",NA,"","10","",,NA,"101.3","1.6","6046768"
"TERRACE BAY AIRPORT","48.816","-87.092","ON","13.9","1",NA,"25.8","1","2.6","1","",,NA,"92.6","1",NA,"","9","",,NA,"121.6","0.0","6048232"
"THUNDER BAY","48.372","-89.322","ON","16.6","0",NA,"28.6","0","4.0","0","",,NA,"73.7","0",NA,"","11","",,NA,"52.8","10.9","6048260"
"THUNDER BAY A","48.372","-89.322","ON","16.6","1",NA,"28.6","1","4.0","1","",,NA,"",,NA,"","","",,NA,"52.8","10.5","6048262"
"THUNDER BAY BURWOOD","48.414","-89.278","ON","17.6","19",NA,"29.0","19","5.0","19","0.0","19",NA,"4.8","19",NA,"0.0","2","","",NA,"14.4","10.0","6048266"
"THUNDER BAY CS","48.369","-89.327","ON","16.2","0",NA,"27.9","0","4.2","0","",,NA,"64.3","0",NA,"","10","",,NA,"63.5","7.9","6048268"
"UPSALA (AUT)","49.033","-90.467","ON","15.4","5",NA,"28.7","5","1.6","5","",,NA,"69.1","5",NA,"","8","",,NA,"74.4","7.9","6049095"
"WELCOME ISLAND (AUT)","48.369","-89.119","ON","16.8","0",NA,"24.6","0","10.2","0","",,NA,"58.4","0",NA,"","7","",,NA,"42.8","5.1","6049443"
"LAKE SUPERIOR PROVINCIAL PARK","47.723","-84.814","ON","14.5","2",NA,"27.1","2","2.9","2","",,NA,"99.2","2",NA,"","7","",,NA,"102.6","0.0","6054425"
"SAULT STE MARIE A","46.485","-84.510","ON","16.6","1",NA,"29.8","1","3.8","1","0.0","5",NA,"42.7","0",NA,"","8","",,NA,"50.8","7.4","6057591"
"SAULT STE. MARIE AIRPORT","46.478","-84.517","ON","17.2","0",NA,"29.0","0","5.5","0","",,NA,"38.4","0",NA,"","7","",,NA,"38.2","13.2","6057593"
"WAWA A","47.967","-84.786","ON","14.7","0",NA,"26.5","0","4.6","0","",,NA,"",,NA,"","","",,NA,"101.4","0.1","6059413"
"KILLARNEY (AUT)","45.967","-81.483","ON","18.5","0",NA,"25.7","0","11.6","0","",,NA,"",,NA,"","","",,NA,"15.3","31.4","605DJ25"
"CHAPLEAU A","47.820","-83.347","ON","15.6","0",NA,"27.8","0","2.6","0","",,NA,"",,NA,"","","",,NA,"79.2","6.1","6061365"
"MASSEY","46.193","-82.025","ON","17.6","0","-0.2","27.5","0","3.5","0","0.0","0",NA,"56.6","0","67.0","0.0","6","","",NA,"35.3","22.6","6065006"
"MONETVILLE 2","46.215","-80.303","ON","18.5","1",NA,"29.0","1","6.0","1","0.0","1",NA,"46.9","1",NA,"0.0","8","","",NA,"19.6","35.2","6065252"
"SUDBURY CLIMATE","46.632","-80.796","ON","17.1","1",NA,"28.2","1","5.4","1","",,NA,"98.3","1",NA,"","6","",,NA,"47.9","19.9","6068145"
"SUDBURY A","46.626","-80.798","ON","17.4","1",NA,"28.2","1","5.7","1","0.0","6",NA,"79.1","0",NA,"","5","",,NA,"37.4","20.6","6068153"
"BONNER LAKE","49.383","-82.124","ON","16.7","0",NA,"29.0","0","3.0","0","0.0","0",NA,"99.2","0",NA,"0.0","12","","",NA,"56.6","15.7","6070QK6"
"EARLTON A","47.695","-79.849","ON","17.0","4",NA,"29.7","4","5.3","4","",,NA,"43.2","4",NA,"","7","",,NA,"42.3","14.1","6072223"
"EARLTON CLIMATE","47.695","-79.849","ON","16.9","0",NA,"30.3","0","5.4","0","",,NA,"65.9","0",NA,"","8","",,NA,"50.5","15.8","6072230"
"KAPUSKASING A","49.412","-82.468","ON","16.5","0",NA,"28.2","0","3.4","0","0.0","0",NA,"65.1","0",NA,"","10","",,NA,"58.9","13.6","6073976"
"KAPUSKASING A","49.412","-82.468","ON","16.5","0",NA,"28.2","0","3.4","0","",,NA,"",,NA,"","","",,NA,"58.9","13.6","6073978"
"KAPUSKASING CDA ON","49.406","-82.444","ON","16.0","4",NA,"27.0","4","2.6","4","",,NA,"63.0","4",NA,"","9","",,NA,"61.3","8.5","6073980"
"KIRKLAND LAKE CS","48.150","-80.000","ON","16.9","0",NA,"28.3","0","5.3","0","",,NA,"",,NA,"","","",,NA,"49.3","16.0","6074211"
"MOOSONEE","51.291","-80.608","ON","16.3","0",NA,"29.3","0","1.4","0","",,NA,"51.3","0",NA,"","8","",,NA,"76.3","25.1","6075420"
"MOOSONEE UA","51.267","-80.650","ON","16.4","12","1.6","29.0","12","2.0","12","0.0","12",NA,"30.0","12",NA,"","7","","",NA,"40.8","11.1","6075425"
"MOOSONEE RCS","51.292","-80.618","ON","16.8","0",NA,"29.6","0","2.8","0","",,NA,"52.6","0",NA,"","8","",,NA,"66.4","28.5","6075435"
"NAGAGAMI (AUT)","49.747","-84.164","ON","15.5","0",NA,"27.6","0","2.9","0","",,NA,"74.5","0",NA,"","13","",,NA,"87.4","9.5","6075543"
"OGOKI POST A","51.659","-85.901","ON","16.4","0",NA,"29.5","0","3.0","0","",,NA,"96.6","0",NA,"","8","",,NA,"63.5","14.0","6075786"
"TIMMINS CLIMATE","48.557","-81.390","ON","15.9","0",NA,"29.6","0","0.8","0","",,NA,"42.7","0",NA,"","12","",,NA,"73.6","9.8","6078282"
"TIMMINS A","48.571","-81.377","ON","15.8","0",NA,"30.1","0","0.4","0","",,NA,"",,NA,"","","",,NA,"78.2","9.1","6078286"
"ALGONQUIN PARK EAST GATE","45.533","-78.267","ON","16.3","0",NA,"28.3","0","2.2","0","",,NA,"",,NA,"","","",,NA,"65.8","11.7","6080192"
"NORTH BAY A","46.364","-79.424","ON","17.4","0",NA,"27.5","0","6.1","0","",,NA,"40.0","1",NA,"","4","",,NA,"40.7","20.7","6085680"
"NORTH BAY AIRPORT","46.375","-79.403","ON","17.2","0",NA,"27.3","0","7.8","0","",,NA,"45.2","0",NA,"","5","",,NA,"42.7","18.3","6085695"
"GORE BAY-MANITOULIN","45.882","-82.567","ON","18.6","0",NA,"27.1","0","6.8","0","",,NA,"48.1","1",NA,"","6","",,NA,"19.0","36.6","6092919"
"GORE BAY CLIMATE","45.883","-82.567","ON","18.7","1",NA,"27.0","1","7.2","1","",,NA,"45.0","1",NA,"","5","",,NA,"17.3","37.7","6092920"
"GREAT DUCK ISLAND (AUT)","45.633","-82.950","ON","18.4","1",NA,"25.9","1","11.1","1","",,NA,"",,NA,"","","",,NA,"13.8","25.4","6093005"
"APPLETON","45.186","-76.113","ON","19.1","0",NA,"30.0","0","7.0","0","0.0","0",NA,"85.2","0",NA,"0.0","8","","",NA,"11.7","44.4","6100285"
"BROCKVILLE CLIMATE","44.635","-75.748","ON","19.1","0",NA,"30.9","0","8.6","0","",,NA,"49.7","0",NA,"","9","",,NA,"12.3","46.3","6100970"
"BROCKVILLE PCC","44.600","-75.667","ON","19.0","2","-1.3","30.0","2","2.0","2","0.0","2",NA,"46.8","2",NA,"0.0","10","","",NA,"21.1","49.8","6100971"
"CHALK RIVER AECL","46.050","-77.367","ON","20.2","13","1.2","31.5","13","7.5","13","0.0","13",NA,"22.2","13",NA,"","6","","",NA,"4.0","43.7","6101335"
"CORNWALL","45.016","-74.749","ON","21.0","0","0.3","34.0","0","10.0","0","0.0","0",NA,"89.8","0","101.0","0.0","9","","",NA,"1.8","95.9","6101874"
"DRUMMOND CENTRE","45.032","-76.253","ON","19.2","0","0.1","29.5","0","6.5","0","0.0","0",NA,"52.4","0","70.0","0.0","9","","",NA,"11.1","48.5","6102J13"
"GRENADIER ISLAND","44.417","-75.850","ON","20.9","0",NA,"31.0","0","12.6","0","",,NA,"",,NA,"","","",,NA,"1.0","89.4","6103024"
"KEMPTVILLE CS","45.000","-75.633","ON","19.3","0",NA,"30.6","0","7.6","0","",,NA,"",,NA,"","","",,NA,"11.6","52.9","6104027"
"KINGSTON CLIMATE","44.223","-76.599","ON","19.9","0",NA,"27.9","0","10.0","0","",,NA,"57.7","0",NA,"","11","",,NA,"4.5","62.8","6104142"
"KINGSTON A","44.226","-76.597","ON","20.0","0",NA,"28.0","0","10.4","0","",,NA,"",,NA,"","","",,NA,"4.1","65.6","6104152"
"LYNDHURST SHAWMERE","44.517","-76.083","ON","20.6","4","0.6","29.5","4","11.5","4","0.0","4",NA,"68.2","4",NA,"","11","","",NA,"0.5","70.5","6104725"
"MOOSE CREEK WELLS","45.251","-74.963","ON","18.0","0",NA,"29.9","0","4.1","0","",,NA,"38.2","0",NA,"","5","",,NA,"28.7","29.3","6105397"
"OMPAH-SEITZ","45.054","-76.784","ON","19.0","2",NA,"29.5","2","8.0","2","0.0","2",NA,"40.2","2",NA,"0.0","9","","",NA,"11.9","41.6","6105762"
"OTTAWA CDA","45.383","-75.717","ON","19.8","8","-0.1","30.0","8","8.0","8","0.0","8",NA,"52.4","8",NA,"","9","","",NA,"3.6","45.3","6105976"
"OTTAWA CDA RCS","45.383","-75.717","ON","19.6","0",NA,"29.7","0","8.5","0","",,NA,"63.9","0",NA,"","8","",,NA,"7.3","58.1","6105978"
"OTTAWA INTL A","45.317","-75.667","ON","19.6","0",NA,"30.4","0","9.4","0","0.0","0",NA,"52.7","0",NA,"","8","",,NA,"6.3","54.8","6106001"
"PEMBROKE CLIMATE","45.860","-77.252","ON","18.1","0",NA,"30.6","0","4.8","0","",,NA,"22.6","0",NA,"","7","",,NA,"24.3","28.6","6106367"
"PETAWAWA AWOS 2","45.950","-77.317","ON","19.2","8",NA,"31.0","8","7.1","8","",,NA,"27.5","1",NA,"","11","",,NA,"10.2","36.7","6106396"
"ST. ALBERT","45.287","-75.064","ON","19.5","18","0.4","30.0","18","7.0","18","0.0","18",NA,"29.2","18",NA,"","6","","",NA,"2.9","22.4","6107276"
"PETAWAWA HOFFMAN","45.883","-77.250","ON","20.0","0",NA,"32.5","0","8.5","0","0.0","0",NA,"28.2","0",NA,"0.0","8","","",NA,"6.1","68.6","610FC98"
"BALDWIN","44.267","-79.319","ON","18.8","7",NA,"30.0","7","5.5","7","0.0","7",NA,"29.6","7",NA,"0.0","4","","",NA,"14.7","34.7","6110480"
"BARRIE LANDFILL","44.385","-79.736","ON","19.1","16",NA,"30.0","12","8.0","11","0.0","12",NA,"58.2","12",NA,"","9","","",NA,"3.2","19.0","6110556"
"BEATRICE CLIMATE","45.140","-79.403","ON","16.5","1",NA,"27.9","1","4.4","1","",,NA,"75.3","1",NA,"","11","",,NA,"53.6","7.4","6110607"
"COLDWATER WARMINSTER","44.631","-79.539","ON","19.2","0",NA,"29.0","0","9.0","0","0.0","0",NA,"117.4","0",NA,"0.0","10","","",NA,"11.3","47.3","6111769"
"COLLINGWOOD","44.500","-80.217","ON","19.6","0",NA,"31.8","0","9.7","0","",,NA,"",,NA,"","","",,NA,"7.3","56.7","6111792"
"LAGOON CITY","44.547","-79.217","ON","19.2","0",NA,"28.4","0","10.0","0","",,NA,"",,NA,"","","",,NA,"10.5","47.1","6114295"
"MARKDALE","44.269","-80.712","ON","18.2","4",NA,"29.0","4","1.5","4","0.0","4",NA,"91.4","4",NA,"","11","","",NA,"22.8","27.9","6114979"
"MUSKOKA","44.975","-79.303","ON","17.5","0",NA,"29.4","0","6.0","0","",,NA,"84.4","0",NA,"","11","",,NA,"28.6","14.6","6115529"
"ORILLIA BRAIN","44.603","-79.439","ON","19.2","2",NA,"29.5","2","10.0","2","0.0","2",NA,"84.2","2",NA,"0.0","7","","",NA,"8.7","44.4","6115811"
"PARRY SOUND CCG","45.344","-80.044","ON","19.3","0",NA,"28.3","0","10.2","0","",,NA,"",,NA,"","","",,NA,"9.2","49.5","6116257"
"SHANTY BAY","44.399","-79.633","ON","19.3","0","0.1","29.5","0","8.5","0","0.0","0",NA,"54.0","0","63.0","0.0","7","","",NA,"11.3","52.8","6117684"
"BARRIE-ORO","44.483","-79.550","ON","17.7","0",NA,"28.1","0","8.2","0","",,NA,"",,NA,"","","",,NA,"26.3","16.3","6117700"
"SPRUCEDALE","45.425","-79.488","ON","",,NA,"",,"",,"0.0","8",NA,"51.2","8",NA,"","7","","",NA,"","","6117981"
"THORNBURY 3","44.551","-80.468","ON","",,NA,"",,"",,"0.0","0",NA,"38.9","0",NA,"0.0","10","","",NA,"","","6118240"
"UDORA","44.263","-79.161","ON","19.1","0","-0.2","30.0","0","7.0","0","0.0","0",NA,"50.6","0","68.0","0.0","6","","",NA,"12.1","45.0","6119055"
"WIARTON A","44.744","-81.109","ON","17.5","0",NA,"27.9","0","6.2","0","",,NA,"",,NA,"","","",,NA,"34.0","19.8","6119498"
"WIARTON A","44.744","-81.109","ON","17.5","0",NA,"27.9","0","6.2","0","0.0","1",NA,"70.4","0",NA,"","7","",,NA,"34.0","19.8","6119499"
"WESTERN ISLAND (AUT)","45.033","-80.367","ON","19.9","1",NA,"26.0","1","14.5","1","",,NA,"",,NA,"","","",,NA,"4.5","60.7","6119M51"
"BORDEN AWOS","44.272","-79.912","ON","18.4","1",NA,"31.9","1","4.8","1","",,NA,"19.5","1",NA,"","4","",,NA,"26.3","37.4","611B002"
"EGBERT CS","44.233","-79.783","ON","18.7","0",NA,"30.5","0","6.8","0","",,NA,"38.4","0",NA,"","6","",,NA,"20.9","43.9","611E001"
"COVE ISLAND (AUT)","45.333","-81.733","ON","18.8","1",NA,"26.6","1","13.3","1","",,NA,"",,NA,"","","",,NA,"9.7","32.7","61219J2"
"GODERICH","43.767","-81.717","ON","19.2","0",NA,"28.7","0","8.1","0","",,NA,"22.3","0",NA,"","6","",,NA,"15.0","51.3","6122847"
"KINCARDINE","44.173","-81.623","ON","20.8","23",NA,"29.0","23","13.0","23","0.0","23",NA,"8.6","23",NA,"","2","","",NA,"0.0","22.5","6124127"
"SARNIA","42.999","-82.309","ON","20.9","0",NA,"30.1","0","10.8","0","",,NA,"0.0","1",NA,"","0","",,NA,"4.6","93.6","6127510"
"SARNIA CLIMATE","43.000","-82.300","ON","20.7","2",NA,"30.4","2","10.8","2","",,NA,"65.1","2",NA,"","7","",,NA,"5.3","83.2","6127519"
"TOBERMORY RCS","45.233","-81.633","ON","17.9","0",NA,"25.5","0","9.5","0","",,NA,"26.8","0",NA,"","4","",,NA,"19.1","17.2","6128330"
"WROXETER","43.863","-81.152","ON","",,NA,"",,"",,"0.0","0",NA,"49.4","0",NA,"0.0","9","","",NA,"","","6129660"
"AMHERSTBURG","42.103","-83.094","ON","22.9","2","0.6","32.0","2","12.0","2","0.0","2",NA,"74.2","2",NA,"0.0","8","","",NA,"0.2","143.7","6130257"
"CHATHAM KENT","42.306","-82.083","ON","20.3","0",NA,"28.3","0","9.4","0","",,NA,"57.9","2",NA,"","6","",,NA,"7.3","79.1","6131414"
"DELHI CS","42.867","-80.550","ON","19.2","1",NA,"28.8","1","6.7","1","",,NA,"115.6","1",NA,"","7","",,NA,"16.8","53.1","6131983"
"FORT ERIE","42.883","-78.967","ON","21.4","15","0.8","29.5","15","10.5","15","0.0","15",NA,"41.4","15",NA,"0.0","7","","",NA,"1.9","56.4","6132470"
"GRIMSBY MOUNTAIN","43.184","-79.558","ON","21.4","0",NA,"31.0","0","12.0","0","0.0","0",NA,"105.2","0",NA,"0.0","7","","",NA,"1.2","107.1","6133055"
"HARROW CDA AUTO","42.033","-82.900","ON","21.3","0",NA,"30.0","0","9.9","0","",,NA,"48.3","0",NA,"","6","",,NA,"3.6","106.1","6133362"
"KINGSVILLE MOE","42.043","-82.674","ON","22.7","11","1.2","29.0","11","14.0","11","0.0","11",NA,"22.0","11",NA,"0.0","5","","",NA,"0.0","94.5","6134190"
"LONG POINT (AUT)","42.533","-80.050","ON","21.6","1",NA,"27.6","1","15.8","1","",,NA,"",,NA,"","","",,NA,"0.0","108.5","6134F10"
"NEW GLASGOW","42.514","-81.636","ON","20.6","18","0.3","28.0","18","10.0","18","0.0","18",NA,"11.0","18",NA,"0.0","5","","",NA,"1.0","34.5","6135583"
"PORT COLBORNE","42.883","-79.250","ON","21.0","1","-0.3","30.0","1","10.5","1","0.0","1",NA,"86.9","1",NA,"0.0","9","","",NA,"2.0","92.2","6136606"
"PORT WELLER (AUT)","43.250","-79.217","ON","21.6","0",NA,"29.5","0","13.7","0","",,NA,"",,NA,"","","",,NA,"0.9","112.6","6136699"
"RIDGETOWN RCS","42.450","-81.883","ON","20.0","0",NA,"28.5","0","8.1","0","",,NA,"103.4","0",NA,"","8","",,NA,"11.0","73.3","6137154"
"ST CATHARINES A","43.192","-79.171","ON","20.9","0",NA,"30.8","0","10.3","0","",,NA,"",,NA,"","","",,NA,"3.0","94.3","6137304"
"ST THOMAS WPCP","42.768","-81.205","ON","19.4","11","-0.9","29.5","8","7.0","8","0.0","10",NA,"101.0","10",NA,"0.0","9","","",NA,"6.4","35.0","6137362"
"TILLSONBURG WWTP","42.855","-80.722","ON","",,NA,"",,"",,"0.0","6",NA,"145.3","6",NA,"","10","","",NA,"","","6138270"
"VINELAND STATION RCS","43.183","-79.400","ON","21.3","3",NA,"30.3","3","12.2","3","",,NA,"95.4","3",NA,"","5","",,NA,"2.2","93.8","6139148"
"WELLAND-PELHAM","42.967","-79.333","ON","20.3","0",NA,"28.8","0","9.9","0","",,NA,"59.9","0",NA,"","8","",,NA,"4.6","76.0","6139449"
"WINDSOR RIVERSIDE","42.333","-82.933","ON","23.2","0",NA,"32.0","0","13.5","0","0.0","0",NA,"93.0","0",NA,"0.0","8","","",NA,"0.0","161.0","6139520"
"WINDSOR A","42.276","-82.955","ON","22.0","1",NA,"31.0","1","12.9","1","",,NA,"16.9","3",NA,"","4","",,NA,"0.4","121.7","6139530"
"PORT COLBORNE (AUT)","42.867","-79.250","ON","21.0","0",NA,"27.6","0","13.5","0","",,NA,"",,NA,"","","",,NA,"1.6","94.3","613F606"
"ERIEAU (AUT)","42.250","-81.900","ON","22.2","0",NA,"27.8","0","14.4","0","",,NA,"",,NA,"","","",,NA,"0.3","129.6","613KLLM"
"POINT PELEE CS","41.949","-82.519","ON","21.6","0",NA,"30.0","0","11.3","0","",,NA,"45.2","0",NA,"","6","",,NA,"2.1","114.9","613P001"
"BRANTFORD AIRPORT","43.138","-80.331","ON","20.2","0",NA,"30.7","0","7.9","0","",,NA,"",,NA,"","","",,NA,"7.9","76.8","6140942"
"ELORA RCS","43.650","-80.417","ON","18.2","1",NA,"28.5","1","6.5","1","",,NA,"68.2","1",NA,"","5","",,NA,"25.4","30.5","6142286"
"FERGUS SHAND DAM","43.735","-80.330","ON","19.1","0","0.0","31.5","0","9.0","0","0.0","0",NA,"127.2","0","132.0","0.0","10","","",NA,"12.8","46.0","6142400"
"FERGUS MOE","43.702","-80.379","ON","19.1","0",NA,"29.0","0","8.0","0","0.0","0",NA,"115.3","0",NA,"0.0","10","","",NA,"15.3","47.9","6142402"
"GUELPH TURFGRASS","43.550","-80.217","ON","18.5","0",NA,"32.5","0","5.7","0","",,NA,"51.2","0",NA,"","8","",,NA,"23.8","40.8","6143089"
"KITCHENER/WATERLOO","43.461","-80.379","ON","19.0","0",NA,"29.7","0","5.7","0","",,NA,"59.1","0",NA,"","7","",,NA,"16.9","48.3","6144239"
"LONDON A","43.033","-81.151","ON","19.8","0",NA,"30.6","0","8.3","0","",,NA,"",,NA,"","","",,NA,"11.1","66.5","6144473"
"LONDON CS","43.033","-81.150","ON","20.1","1",NA,"28.9","1","8.5","1","",,NA,"118.6","1",NA,"","7","",,NA,"10.5","73.9","6144478"
"MOUNT FOREST (AUT)","43.983","-80.750","ON","18.3","0",NA,"29.0","0","6.4","0","",,NA,"",,NA,"","","",,NA,"25.1","33.3","6145504"
"ROSEVILLE","43.354","-80.474","ON","19.2","0","-0.3","28.0","0","9.0","0","0.0","0",NA,"101.7","0","121.0","0.0","12","","",NA,"11.5","47.6","6147188"
"STRATHROY-MULLIFARRY","42.981","-81.643","ON","20.1","0",NA,"29.5","0","8.0","0","0.0","0",NA,"151.6","0",NA,"0.0","10","","",NA,"8.9","74.5","6148122"
"WOODSTOCK","43.136","-80.771","ON","21.5","25","1.7","29.0","25","11.0","25","0.0","25",NA,"9.1","25",NA,"","1","","",NA,"0.0","20.8","6149625"
"BELLEVILLE","44.151","-77.395","ON","21.3","3","0.5","30.0","3","11.5","3","0.0","3",NA,"52.4","3",NA,"0.0","10","","",NA,"0.5","94.2","6150689"
"BURLINGTON PIERS (AUT)","43.300","-79.800","ON","21.3","0",NA,"29.5","0","14.1","0","",,NA,"",,NA,"","","",,NA,"1.4","102.7","6151061"
"CENTREVILLE","44.403","-76.908","ON","20.3","1","0.7","32.0","1","8.0","1","0.0","1",NA,"47.2","1",NA,"0.0","9","","",NA,"1.3","71.5","6151309"
"COBOURG (AUT)","43.950","-78.167","ON","19.3","0",NA,"25.9","0","10.4","0","",,NA,"",,NA,"","","",,NA,"7.5","47.0","6151684"
"COBOURG STP","43.967","-78.183","ON","20.3","16","0.9","29.0","16","11.0","16","0.0","16",NA,"42.7","16",NA,"","5","","",NA,"0.5","35.3","6151689"
"GEORGETOWN WWTP","43.640","-79.879","ON","20.0","12","1.0","30.0","12","10.0","12","0.0","12",NA,"48.8","12",NA,"","7","","",NA,"1.2","38.5","6152695"
"HAMILTON A","43.174","-79.935","ON","20.0","1",NA,"29.0","1","9.9","1","0.0","1",NA,"100.4","1",NA,"","8","",,NA,"7.6","66.3","6153193"
"OAKVILLE TWN","43.513","-79.690","ON","21.5","0",NA,"31.5","0","10.0","0","0.0","0",NA,"53.8","0",NA,"0.0","10","","",NA,"1.7","111.7","6155750"
"OSHAWA","43.923","-78.883","ON","19.6","0",NA,"28.0","0","8.8","0","",,NA,"83.7","0",NA,"","7","",,NA,"6.8","56.3","6155875"
"OSHAWA WPCP","43.867","-78.833","ON","20.5","0","0.5","28.0","0","11.0","0","0.0","0",NA,"64.2","0","83.0","0.0","11","","",NA,"0.5","77.8","6155878"
"POINT PETRE (AUT)","43.833","-77.150","ON","20.2","0",NA,"27.9","0","10.3","0","",,NA,"",,NA,"","","",,NA,"6.1","75.0","6156559"
"TORONTO CITY","43.667","-79.400","ON","21.5","1",NA,"29.7","1","13.0","1","",,NA,"54.0","1",NA,"","7","",,NA,"1.1","106.3","6158355"
"TORONTO CITY CENTRE","43.628","-79.396","ON","21.0","0",NA,"29.0","0","14.0","0","",,NA,"39.2","0",NA,"","6","",,NA,"0.6","94.2","6158359"
"TORONTO BUTTONVILLE A","43.861","-79.369","ON","20.9","0",NA,"31.2","0","11.2","0","",,NA,"",,NA,"","","",,NA,"2.5","93.2","6158409"
"TORONTO INTL A","43.677","-79.631","ON","21.3","1",NA,"30.4","1","12.2","1","0.0","1",NA,"43.2","0",NA,"","7","",,NA,"0.9","99.7","6158731"
"TRENTON AWOS","44.118","-77.519","ON","19.8","4",NA,"29.3","4","8.8","4","",,NA,"22.5","2",NA,"","6","",,NA,"4.8","53.3","6158872"
"TRENTON A","44.117","-77.533","ON","19.7","0","0.0","29.0","0","8.9","0","0.0","0",NA,"43.8","0","61.0","","9","",,NA,"4.6","58.7","6158875"
"UXBRIDGE WEST","44.098","-79.164","ON","18.5","0",NA,"28.7","0","6.3","0","",,NA,"",,NA,"","","",,NA,"18.4","33.0","6159123"
"TORONTO NORTH YORK","43.780","-79.468","ON","21.1","0",NA,"31.5","0","10.0","0","0.0","0",NA,"35.0","0",NA,"0.0","9","","",NA,"2.7","97.8","615S001"
"HALIBURTON 3","45.032","-78.531","ON","16.9","0","-0.9","27.0","0","4.5","0","0.0","0",NA,"83.2","0","105.0","0.0","8","","",NA,"49.0","15.7","6163171"
"PETERBOROUGH A","44.230","-78.363","ON","17.9","2",NA,"29.3","2","5.0","2","",,NA,"31.0","2",NA,"","7","",,NA,"27.6","24.8","6166415"
"PETERBOROUGH TRENT U","44.350","-78.300","ON","18.7","0",NA,"30.4","0","6.7","0","",,NA,"71.4","0",NA,"","5","",,NA,"18.2","40.1","6166456"
"TAPLEY","44.171","-78.501","ON","",,NA,"",,"",,"0.0","0",NA,"34.9","0",NA,"0.0","7","","",NA,"","","6168525"
"BANCROFT AUTO","45.071","-77.879","ON","16.6","0",NA,"28.6","0","3.3","0","",,NA,"46.1","0",NA,"","8","",,NA,"57.1","13.0","616I001"
